{"cameraMode":{"drawMode":0,"name":"Shaded","section":"Shading Mode"},"sceneLighting":false,"audioPlay":false,"sceneViewState":{"m_AlwaysRefresh":false,"showFog":true,"showSkybox":false,"showFlares":true,"showImageEffects":true,"showParticleSystems":true,"showVisualEffectGraphs":true,"m_FxEnabled":true},"in2DMode":false,"pivot":{"x":0.35215070843696597,"y":-1.6272029876708985,"z":13.626738548278809},"rotation":{"x":0.07233188301324845,"y":-0.7021845579147339,"z":0.07210806757211685,"w":0.7047176361083984},"size":1.2653875350952149,"orthographic":false}