{"cameraMode":{"drawMode":0,"name":"Shaded","section":"Shading Mode"},"sceneLighting":false,"audioPlay":false,"sceneViewState":{"m_AlwaysRefresh":false,"showFog":true,"showSkybox":false,"showFlares":true,"showImageEffects":true,"showParticleSystems":true,"showVisualEffectGraphs":true,"m_FxEnabled":true},"in2DMode":false,"pivot":{"x":0.00017547607421875,"y":-0.11523640155792237,"z":0.10430908203125},"rotation":{"x":0.7037663459777832,"y":-0.014912008307874203,"z":0.014785450883209706,"w":0.7101294994354248},"size":31.62795639038086,"orthographic":false}