{"cameraMode":{"drawMode":0,"name":"Shaded","section":"Shading Mode"},"sceneLighting":false,"audioPlay":false,"sceneViewState":{"m_AlwaysRefresh":false,"showFog":true,"showSkybox":false,"showFlares":true,"showImageEffects":true,"showParticleSystems":true,"showVisualEffectGraphs":true,"m_FxEnabled":true},"in2DMode":false,"pivot":{"x":3.865000009536743,"y":2.8584444522857668,"z":7.321000099182129},"rotation":{"x":0.14503873884677888,"y":0.6712197065353394,"z":-0.13634055852890016,"w":0.7140346765518189},"size":0.13208778202533723,"orthographic":true}